<?xml version='1.0' encoding='ISO-8859-1'?>
<!DOCTYPE GDL SYSTEM 'gdl.dtd'>
<GDL>
<!--* Vorsicht!<br>
	Dieser Dialog wird sowohl von den Stammdaten City als auch den Rechenzentren eingesetzt!-->
<Dialog label='Admin Fee / City' root-element="Datacenter" 
	restore="SIZE_LOCATION" size="330,300" helpID="city_price">
	<Text label="City Name:" w="1" name="cityName" eol="false" do="y" />
	<Number label="City Id:" name="cityId" do="y" min="90" />
	<!-- element=".City[selectedRow].CityPrice" wird von MainControler auf die entsprechende Zeile gesetzt! -->
	<Table name="price" element=".City[0].CityPrice" it="5" w="4">
		<Date label="Validity Date" element="@ValidDate" nn="true"/>
		<Money label="Price" name="price" element="@price" nn="true"/>
		<Number label="City Id" name="cityId" do="y" format="00000000" element="@CityId"/>
		<Popup>
			<Item label="Insert Price" cmd="insertPrice"/>
			<Item label="Delete Price" cmd="deletePrice"/>
		</Popup>
	</Table>
	<Panel layout="FLOW" wy="0" w="4">
		<Button label="OK"/>
		<Button label="Cancel"/>
		<Button label="Help" type="HELP"/>
	</Panel>
</Dialog>
</GDL>
