<?xml version='1.0' encoding='ISO-8859-1'?>
<!DOCTYPE GDL SYSTEM 'gdl.dtd'>
<GDL>
<Dialog label='Enter new Password' size="250,180" helpID="password">
	<Password label="New Password:"    name="p1" nn="true" st="At least 5 characters"/>
	<Password label="Repeat Password:" name="p2" nn="true" st="At least 5 characters"/>
	<Group label="" wy="0" w="4" layout="FLOW" it="10">
		<Button label="OK"/>
		<Button label="Cancel"/>
		<Button label="Help" type="HELP" />
	</Group>
</Dialog>
</GDL>
