<?xml version='1.0' encoding='ISO-8859-1'?>
<!DOCTYPE GDL SYSTEM 'gdl.dtd'>
<GDL>
<!-- Der leibhaftige Worker wird vom MainControler eingetragen -->
<Dialog label='Worker Parameters' root-element="Worker[0]" 
	restore="SIZE_LOCATION" size="600,600" helpID="worker_parameter">
	<Hidden name="workerId" element="@workerId"/>
	<Table name="tblParameter" element=".Worker_Parameter">
		<Hidden label="WorkerId" name="workerId" element="@workerId"/>
		<Text label="Name" name="name" element="@parameterName"/>
		<Text label="Value" name="value" element="@parameterValue"/>
		<Popup>
			<Item label="Add Parameter" file="InsertRow()"/>
			<Item label="Delete Parameter" file="DeleteRow()"/>
		</Popup>
	</Table>
	<Group label="Multiline Value">
		<Memo linkCol="2" it="0" ib="0"/>
	</Group>
	<Group label="" wy="0" layout="FLOW">
		<Button label="OK"/>
		<Button label="Cancel"/>
		<Button label="Help" type="HELP" />
	</Group>
</Dialog>
</GDL>
