<?xml version='1.0' encoding='ISO-8859-1'  ?>
<!DOCTYPE index
  PUBLIC "-//Sun Microsystems Inc.//DTD JavaHelp Index Version 1.0//EN"
         "http://java.sun.com/products/javahelp/index_1_0.dtd">
<index version="1.0">
	<indexitem text="City" target="city"/>
	<indexitem text="City Prices" target="city_price"/>
	<indexitem text="City ZIP" target="city_zip" />
	<indexitem text="Customer" target="customer" />
	<indexitem text="Customers" target="customer_overview" />
    <indexitem text="Customer Accounting" target="customer_accounting"/>
	<indexitem text="Customer Log" target="customer_log" />    	
	<indexitem text="Datacenter" target="datacenter"/>
	<indexitem text="Datacenters" target="datacenter_overview" />
	<indexitem text="DataCenter Accounting" target="datacenter_accounting"/>
	<indexitem text="DataCenter Quality" target="datacenter_quality"/>
	<indexitem text="DataCenter SLA" target="datacenter_sla"/>
	<indexitem text="Import Pricelist" target="import_city_price" />
	<indexitem text="Interrupted Orders" target="interrupted_orderitems"/>
	<indexitem text="Interrupted Order Detail" target="interrupted_orderitem_detail" />
    <indexitem text="Internal Users" target="internal_users" />
	<indexitem text="Internal Client Log" target="internal_client_log" />    
    <indexitem text="Login" target="login"/>
    <indexitem text="Main Program" target="main"/>
	<indexitem text="Municipality Accounting"  target="city_accounting"/>
	<indexitem text="Outstanding Orders" target="outstanding_orders" />
	<indexitem text="Order Overview" target="order_overview"/>
	<indexitem text="Order Entry Detail" target="entry_detail" />

	<indexitem text="Password" target="password" />
	<indexitem text="Price List" target="price_list"/>
	<indexitem text="Price List (from/to)" />
	<indexitem text="Turnover" target="turnover"/>
	<indexitem text="Worker Administration" target="worker" />
	<indexitem text="Worker Parameter" target="worker_parameter" />
	<indexitem text="Worker Status" target="worker_status" />
	<indexitem text="XMeld 2 TLD Mapping" target="xmeld2tld" />
    
</index>
