<?xml version='1.0' encoding='ISO-8859-1' ?>
<!DOCTYPE toc
  PUBLIC "-//Sun Microsystems Inc.//DTD JavaHelp TOC Version 1.0//EN"
         "http://java.sun.com/products/javahelp/toc_1_0.dtd">
<toc version="1.0">
    <tocitem text="Login" target="login"/>
    <tocitem text="Main Program" target="main"/>
	<tocitem text="Administration">
	    <tocitem text="Worker Administration" target="worker">
			<tocitem text="Worker Parameter" target="worker_parameter" />
			<tocitem text="Worker Status" target="worker_status" />
		</tocitem>
	    <tocitem text="Customers" target="customer_overview" />
		<tocitem text="Edit Customers" target="customer">
			    <tocitem text="Edit Password" target="password" />
		</tocitem>	
	    <tocitem text="Datacenters" target="datacenter_overview" />
		<tocitem text="Edit Datacenters" target="datacenter"/>
	    <tocitem text="Edit Cities" target="city">
		    <tocitem text="Edit City Prices" target="city_price"/>
		    <tocitem text="Edit City ZIP" target="city_zip" />
	    </tocitem>
	    <tocitem text="XMeld 2 TLD Mapping" target="xmeld2tld" />
		<tocitem text="Edit internal Users" target="internal_users" />
    </tocitem>
    
    <tocitem text="Monitoring">
	    <tocitem text="Order Overview" target="order_overview">
		    <tocitem text="Order Entry Detail" target="entry_detail" />
	    </tocitem>
	    <tocitem text="View Interrupted Orders" target="interrupted_orderitems">
			<tocitem text="Interrupted Order Detail" target="interrupted_orderitem_detail" />
	    </tocitem>
	    <tocitem text="View Outstanding Orders" target="outstanding_orders" />
		<tocitem text="View Customer Log" target="customer_log" />    
		<tocitem text="View Internal Client Log" target="internal_client_log" />    
    </tocitem>
    <tocitem text="Accounting + Billing">
    	<tocitem text="Customer Accounting" target="customer_accounting"/>
		<tocitem text="DataCenter Accounting" target="datacenter_accounting"/>
		<tocitem text="DataCenter SLA" target="datacenter_sla"/>
		<tocitem text="Municipality Accounting"  target="city_accounting"/>
		<tocitem text="DataCenter Quality" target="datacenter_quality"/>
		<tocitem text="Turnover" target="turnover"/>
		<tocitem text="Price List" target="price_list"/>
		<tocitem text="Price List (from/to)" />
	    <tocitem text="Import Pricelist" target="import_city_price" />
	</tocitem>
</toc>
