<?xml version="1.0" encoding="ISO-8859-1"?>
<!-- Diese Datei wird f�r den internen (Swing) Client ben�tigt -->
<!DOCTYPE Config>
<Config>
	<Connection>
		<URL>http://localhost:8077/RISERPilot/</URL>
		<Title>RISER Entwicklungsumgebung (localhost:8077)</Title>
		<Image>images/RISER_logo_large.gif</Image>
	</Connection>
	<Connection>
		<URL>http://localhost:8077/dNRW/</URL>
		<Title>dNRW Entwicklungsumgebung (localhost:8077)</Title>
		<Image>images/logoDNRW.gif</Image>
	</Connection>
	<!-- Nightly Build -->
	<Connection>
		<URL>http://172.30.2.87:8024/RISERPilotTest/</URL>
		<Title>RISER Nightly Build (172.30.2.87:8024)</Title>
		<Image>images/RISER_logo_large.gif</Image>
	</Connection>
	<Connection>
		<URL>http://172.30.2.87:8025/dNRWTest/</URL>
		<Title>dNRW Nightly Build (172.30.2.87:8025)</Title>
		<Image>images/logoDNRW.gif</Image>
	</Connection>
	<!-- Intern Test -->
	<Connection>
		<URL>http://172.30.2.87:8014/RISERPilot/</URL>
		<Title>RISER Intern Test (172.30.2.87:8014)</Title>
		<Image>images/RISER_logo_large.gif</Image>
	</Connection>
	<Connection>
		<URL>http://172.30.2.87:8015/dNRW/</URL>
		<Title>dNRW Intern Test (172.30.2.87:8015)</Title>
		<Image>images/logoDNRW.gif</Image>
	</Connection>
	<!-- Extern Test -->
	<Connection>
		<URL>file:///G:/Kst-5232/Projekte/laufende/Meldewesen/eMA/Entwicklung/eMaInternClient/www3-eww-neu-de-8024-RISERPilot.wsdl</URL>
		<Title>RISER Extern Test (www3.eww-neu.de:8024)</Title>
		<Image>images/RISER_logo_large.gif</Image>
	</Connection>
	<Connection>
		<URL>file:///G:/Kst-5232/Projekte/laufende/Meldewesen/eMA/Entwicklung/eMaInternClient/www3-eww-neu-de-8004-dNRW.wsdl</URL>
		<Title>dNRW Extern Test (www3.eww-neu.de:8004)</Title>
		<Image>images/logoDNRW.gif</Image>
	</Connection>
	<!-- Echtsysteme -->
	<Connection>
		<URL>http://172.30.2.65:8024/RISERPilot/</URL>
		<Title>RISER Produktiv (riser.psi.de)</Title>
		<Image>images/RISER_logo_large.gif</Image>
	</Connection>
	<Connection>
		<URL>http://172.30.2.65:8044/dNRW/</URL>
		<Title>dNRW Produktiv (dnrw.psi.de)</Title>
		<Image>images/logoDNRW.gif</Image>
	</Connection>
	<!-- Alter Interner Client -->
	<!-- localhost -->
	<Host>http://localhost:8077/RISERPilot/</Host>
	<Host>http://localhost:8077/dNRW/</Host>
	<Host>http://localhost:8077/RISERPilotTest/</Host>

	<!-- WebServer PSI -->
	<Host>http://172.30.2.65:8024/RISERPilot/</Host> 	  
	<Host>http://172.30.2.65:8044/dNRW/</Host>
	
	<!-- Nightly-Build-Rechner -->
	<Host>http://172.30.2.87:8004/dNRW/</Host>
	<Host>http://172.30.2.87:8015/dNRWPilot/</Host>
	
	<Host>http://172.30.2.87:8014/RISERPilot/</Host>
	<Host>http://172.30.2.87:8024/RISERPilotTest/</Host>
	<!-- LEA -->
	<Host>file:///G:/Kst-5232/Projekte/laufende/Meldewesen/eMA/Entwicklung/eMaInternClient/www3-eww-neu-de-8004-dNRW.wsdl</Host>
	<Host>file:///G:/Kst-5232/Projekte/laufende/Meldewesen/eMA/Entwicklung/eMaInternClient/www3-eww-neu-de-8024-RISERPilot.wsdl</Host>
	<!--
	<Host>http://www3.eww-neu.de:8004/ema/</Host>
	-->
	
	<URL_Client>urn:internal.wsdl</URL_Client>
	<URL_Dir>urn:directoryService.wsdl</URL_Dir>
	<!--
	<MainWindowTitle>dNWR Administration</MainWindowTitle>
	<MainWindowImage>images/logoDNRW.gif</MainWindowImage>
	-->
	<MainWindowTitle>RISERPilot Administration</MainWindowTitle>
	<MainWindowImage>images/RISER_logo_large.gif</MainWindowImage>
	
	<!--
	<SystemProperty name="http.proxyHost" value="http-proxy.psi.de"/>
	<SystemProperty	name="http.proxyPort" value="81"/>
	<SystemProperty name="http.nonProxyHosts" value="localhost"/>
	-->
</Config>
